department,s3_url
Bouches-du-Rhone,https://tsatransferaurelius.s3.eu-west-2.amazonaws.com/Bouches-du-Rhone.zip
Cantal,https://tsatransferaurelius.s3.eu-west-2.amazonaws.com/Cantal.zip
Cher,https://tsatransferaurelius.s3.eu-west-2.amazonaws.com/Cher.zip
Creuse,https://tsatransferaurelius.s3.eu-west-2.amazonaws.com/Creuse.zip
Deux-Sèvres,https://tsatransferaurelius.s3.eu-west-2.amazonaws.com/Deux-Sevres.zip
Essonne,https://tsatransferaurelius.s3.eu-west-2.amazonaws.com/Essonne.zip
Eure-et-Loire,https://tsatransferaurelius.s3.eu-west-2.amazonaws.com/Eure-et-Loire.zip
Haute-Vienne,https://tsatransferaurelius.s3.eu-west-2.amazonaws.com/Haute-Vienne.zip
Landes,https://tsatransferaurelius.s3.eu-west-2.amazonaws.com/Landes.zip
Loire,https://tsatransferaurelius.s3.eu-west-2.amazonaws.com/Loire.zip
Manche,https://tsatransferaurelius.s3.eu-west-2.amazonaws.com/Manche.zip
Nièvre,https://tsatransferaurelius.s3.eu-west-2.amazonaws.com/Nievre.zip
Nord,https://tsatransferaurelius.s3.eu-west-2.amazonaws.com/Nord.zip
Paris,https://tsatransferaurelius.s3.eu-west-2.amazonaws.com/Paris.zip
Pas-de-Calais,https://tsatransferaurelius.s3.eu-west-2.amazonaws.com/Pas-de-Calais.zip
Saone-et-Loire,https://tsatransferaurelius.s3.eu-west-2.amazonaws.com/Saone-et-Loire.zip
Territoire_de_Belfort,https://tsatransferaurelius.s3.eu-west-2.amazonaws.com/Territoire_de_Belfort.zip
Val-de-Marne,https://tsatransferaurelius.s3.eu-west-2.amazonaws.com/Val-de-Marne.zip
Yvelines,https://tsatransferaurelius.s3.eu-west-2.amazonaws.com/Yvelines.zip
